"Summary","Issue Type","Priority","Story Points","Description","Acceptance Criteria","Epic Name","Labels","Components","Fix Version/s"
"[EPIC-01] Student Management","Epic","High","","As an Admin, I want to manage student profiles from onboarding through the full lifecycle so that the centre keeps clean and reliable student records.","","Student Management","","","v1.0"
"[EPIC-02] Financial Administration","Epic","High","","As an Admin, I want to record offline tuition payments so that student package balances are always up-to-date.","","Financial Administration","","","v1.0"
"[EPIC-03] Schedule Management","Epic","High","","As an Admin, I want to set up and manage the teaching timetable, preventing double-bookings, so that academic resources are allocated efficiently.","","Schedule Management","","","v1.0"
"[EPIC-04] Retention Management","Epic","High","","As an Admin, I want to review and act on package renewal alerts so that I can proactively retain students before their sessions run out.","","Retention Management","","","v1.0"
"[EPIC-05] Academic Operations","Epic","High","","As a Teacher, I want to view my personalised timetable and record accurate class attendance so that daily teaching operations run smoothly.","","Academic Operations","","","v1.0"
"[EPIC-06] Academic Quality Assurance","Epic","High","","As a Teacher, I want to submit academic performance feedback within the required SLA window so that the centre maintains evaluation standards.","","Academic Quality Assurance","","","v1.0"
"[EPIC-07] System Automation","Epic","High","","As the System, I want to run nightly depletion scans and dispatch zero-touch parent notifications automatically so that manual workload is minimised.","","System Automation","","","v1.0"
"[EPIC-08] Non-Functional Requirements","Epic","High","","As a Stakeholder, I want the system to meet defined quality, security and performance standards so that the product is production-ready.","","Non-Functional Requirements","","","v1.0"
"[EPIC-09] Infrastructure & DevOps","Epic","High","","As a Developer, I want the system infrastructure (Supabase, hosting, CI/CD) set up and configured so that all other epics can be built and deployed reliably.","","Infrastructure & DevOps","","","v1.0"
"UC-01 | Onboard New Student Profiles","Story","High","8","As an Academic Admin, I want to create a new student profile (with parent contact info and initial package) so that the student is enrolled and can begin attending classes.","Given a valid form with Full Name, Parent Name, Parent Email, Parent Phone;
When Admin clicks Save;
Then a new Student and Parent record is created, Activity_Log is written, and the UI navigates to the Student detail view.
And if mandatory fields are missing or email is invalid, the system shows an inline error.","Student Management","UC-01,admin","Backend,Frontend","v1.0"
"API: POST /api/students — create student & parent record","Task","High","3","Implement POST /api/students endpoint. Validates payload (Full Name, Parent Email, Parent Phone mandatory). Creates Student + Parent rows in DB. Writes Activity_Log entry. Returns 201 with student ID.","Given a valid JSON payload; When called with Admin JWT; Then 201 response with created student object.","Student Management","UC-01,backend","Backend","v1.0"
"API: POST /api/student-packages — assign initial package to student","Task","High","2","Implement endpoint to link a Package record to a newly created Student, initialising remaining_sessions from the Package.","Given a valid student_id and package_id; When called; Then student_package row created with correct session count.","Student Management","UC-01,backend","Backend","v1.0"
"UI: Add New Student Profile Screen","Task","High","3","Build the Add New Student form screen. Fields: Full Name, DOB (optional), Parent Name, Parent Email, Parent Phone, Package selector. Inline client-side validation. Submit calls POST /api/students.","Given the form is rendered; When mandatory fields are empty and Save is clicked; Then inline error messages appear. When all valid; Then success toast and redirect to student detail.","Student Management","UC-01,frontend","Frontend","v1.0"
"UC-02 | Update Student Lifecycles","Story","High","5","As an Academic Admin, I want to edit an existing student's profile or deactivate a dropped-out student so that data remains accurate and inactive students are clearly marked.","Given an existing Active student;
When Admin edits fields and clicks Save; Then the profile is updated and Activity_Log records the mutation.
When Admin clicks Deactivate; Then the student status becomes Inactive.","Student Management","UC-02,admin","Backend,Frontend","v1.0"
"API: PUT /api/students/{id} — update student profile","Task","High","2","Implement PUT endpoint for updating student fields and/or status (Active → Inactive). Must log change to Activity_Log.","Given Admin JWT and valid student_id; When PUT called; Then record updated and Activity_Log entry created.","Student Management","UC-02,backend","Backend","v1.0"
"UI: Student Profile Details Screen","Task","High","3","Build the Student Detail screen with Edit Profile and Deactivate actions. Inline validation on editable fields.","Given a student is selected; When Edit Profile clicked; Then fields become editable. When Deactivate clicked; Then confirmation dialog shown.","Student Management","UC-02,frontend","Frontend","v1.0"
"UC-03 | Record Offline Tuition Payments","Story","High","5","As an Academic Admin, I want to log a manual tuition fee payment against a student package so that the package balance (Remaining Sessions) is updated correctly.","Given a student with an active package;
When Admin inputs Amount (VND), Payment Method (Cash/Bank Transfer), Payment Date and clicks Save;
Then a Payment record is created, Remaining_Sessions is recalculated, and MSG-03 success toast appears.","Financial Administration","UC-03,admin","Backend,Frontend","v1.0"
"API: POST /api/payments — record tuition payment","Task","High","3","Implement POST /api/payments. Validates Admin role (RBAC). Creates Payment row. Recalculates remaining_sessions on student_packages. Returns 201.","Given Admin JWT and valid payload; When called; Then Payment row created and remaining_sessions updated.","Financial Administration","UC-03,backend","Backend","v1.0"
"UI: Record Tuition Payment Screen","Task","High","3","Build payment recording form. Fields: Student ID (dropdown), Amount, Payment Method (Cash/Bank Transfer), Payment Date. On success show MSG-03 toast.","Given the form is open; When valid data submitted; Then success toast displayed and payment appears in history.","Financial Administration","UC-03,frontend","Frontend","v1.0"
"UC-04 | Setup Core Teaching Schedules","Story","High","8","As an Academic Admin, I want to create session schedules by assigning a Class, Teacher, Room, Start Time and End Time so that the master timetable is defined and visible to Teachers.","Given active Teachers and Rooms exist;
When Admin fills in the Create Session form and saves;
Then if no conflicts: Session is saved and immediately visible to the assigned Teacher.
If conflict: system triggers UC-05 conflict flow and shows MSG-01.","Schedule Management","UC-04,admin","Backend,Frontend","v1.0"
"API: POST /api/sessions — create teaching session with conflict check","Task","High","5","Implement POST /api/sessions. Run double-booking prevention algorithm (BR-03) before persisting. Returns 201 on success, 409 with conflict details on overlap.","Given a valid payload with no time overlap; When called; Then 201. Given an overlap; When called; Then 409 with conflict info.","Schedule Management","UC-04,backend","Backend","v1.0"
"UI: Create Session Schedule Screen","Task","High","3","Build Create Session form. Dropdowns for Class, Teacher, Room. Date-time pickers for Start/End. On 409 redirect to conflict resolution screen.","Given valid non-conflicting inputs; When Save clicked; Then session created. Given conflict; Then conflict alert screen shown.","Schedule Management","UC-04,frontend","Frontend","v1.0"
"UC-05 | Resolve Scheduling Conflicts","Story","High","5","As an Academic Admin, I want to see the details of a scheduling conflict (double-booked room or teacher) and choose an alternative resource so that the session can be saved without clashes.","Given a 409 conflict response;
When Admin views the Conflict Alert Screen and selects an alternative Room or Teacher;
And clicks Save;
Then system validates again and if clear: Session is saved successfully.","Schedule Management","UC-05,admin","Backend,Frontend","v1.0"
"API: GET /api/sessions/available-resources — list conflict-free alternatives","Task","High","3","Return available Teachers and Rooms for a given time slot, excluding already-booked ones.","Given a time range; When called; Then only free Teachers and Rooms returned.","Schedule Management","UC-05,backend","Backend","v1.0"
"UI: Resolve Conflict Alert Screen","Task","High","3","Display conflicting resource name (readonly). Show dropdown of available alternatives. On re-save, call POST /api/sessions again.","Given conflict screen is shown; When Admin selects an alternative and saves; Then session created if no new conflict.","Schedule Management","UC-05,frontend","Frontend","v1.0"
"UC-06 | Review Package Renewal Alerts","Story","High","5","As an Academic Admin, I want to view a list of students whose package sessions are running low (≤ 2 weeks) so that I can contact parents and encourage renewal.","Given the System Timer has generated renewal alerts;
When Admin opens the Renewal Alerts List;
Then all flagged students (remaining sessions ≤ threshold) are listed with Parent Phone.
When Admin marks an alert as Resolved; Then its status changes to Resolved.","Retention Management","UC-06,admin","Backend,Frontend","v1.0"
"API: GET /api/alerts — list active renewal alerts","Task","Medium","2","Return all alert_notifications with status=Pending, type=Renewal, ordered by created_at.","Given Admin JWT; When called; Then list of pending renewal alerts returned.","Retention Management","UC-06,backend","Backend","v1.0"
"API: PATCH /api/alerts/{id} — mark alert as resolved","Task","Medium","1","Update alert_notification status to Resolved.","Given valid alert_id; When PATCH called; Then status updated to Resolved.","Retention Management","UC-06,backend","Backend","v1.0"
"UI: Renewal Alerts List Screen","Task","Medium","3","Dashboard widget + full list view of renewal alerts. Show Student Name, Remaining Sessions, Parent Contact, Action Status. Button to mark Resolved.","Given alerts exist; When Admin opens list; Then all pending alerts displayed with action buttons.","Retention Management","UC-06,frontend","Frontend","v1.0"
"UC-07 | View Personalized Timetables","Story","High","5","As a Teacher, I want to view my daily and weekly teaching schedule (Room, Time, Class) so that I can prepare for each session.","Given a Teacher is logged in;
When the Teacher opens My Timetable;
Then sessions assigned to that Teacher_ID are displayed chronologically.
And Teacher can switch between Daily and Weekly views.
And clicking a session card shows Class Session Details.","Academic Operations","UC-07,teacher","Backend,Frontend","v1.0"
"API: GET /api/teachers/me/sessions — fetch teacher sessions","Task","High","2","Return sessions for the authenticated Teacher filtered by date range (query params: start_date, end_date).","Given Teacher JWT; When called with date range; Then only that teacher's sessions returned.","Academic Operations","UC-07,backend","Backend","v1.0"
"UI: Teacher Timetable Screen","Task","High","3","Build timetable view with Daily/Weekly toggle. Render session cards (Room, Time, Class name). Cards link to Class Session Details.","Given Teacher is on My Timetable; When Daily/Weekly toggle selected; Then correct sessions displayed.","Academic Operations","UC-07,frontend","Frontend","v1.0"
"UC-08 | Record Class Attendance","Story","High","8","As a Teacher, I want to mark each enrolled student as Present, Absent, or Late after a session and submit attendance so that records are saved and parents are notified automatically.","Given a completed session;
When Teacher opens Attendance tab and marks all students (Present/Absent/Late) and clicks Submit;
Then Attendance records are saved (deducting 1 session per BR-04).
And system triggers Email Gateway dispatch (UC-11) to notify parents.","Academic Operations","UC-08,teacher","Backend,Frontend","v1.0"
"API: POST /api/sessions/{id}/attendances — submit attendance records","Task","High","5","Accept attendance array (student_id, status, note). Persist records. Deduct 1 session from student_package per BR-04. Enqueue email notification payload.","Given Teacher JWT and valid session_id; When POST called; Then attendance saved, sessions decremented, email queued.","Academic Operations","UC-08,backend","Backend","v1.0"
"UI: Record Attendance Screen","Task","High","3","List enrolled students with radio buttons (Present/Absent/Late) and optional Note field. Submit button calls POST attendance API.","Given Teacher opens attendance; When all statuses set and Submit clicked; Then confirmation shown.","Academic Operations","UC-08,frontend","Frontend","v1.0"
"UC-09 | Submit Academic Performance Feedback","Story","High","5","As a Teacher, I want to submit a performance score and feedback comment for each student within 12 hours of session completion (SLA) so that evaluations are timely and recorded.","Given a completed session within SLA window;
When Teacher enters Score (1–10) and Feedback Context and clicks Submit;
Then Feedback is saved against the Session and Student.
If SLA breached (> 12 hours): submission flagged as Late and violation logged (MSG-02).","Academic Quality Assurance","UC-09,teacher","Backend,Frontend","v1.0"
"API: POST /api/sessions/{id}/feedbacks — submit feedback","Task","High","3","Accept score (1–10), feedback_context. Validate SLA: if created_at > session_end + 12h, mark as late=true and log violation. Persist feedback.","Given within SLA; When POST called; Then feedback saved, late=false. Given past SLA; When POST called; Then feedback saved, late=true, violation logged.","Academic Quality Assurance","UC-09,backend","Backend","v1.0"
"UI: Submit Feedback Screen","Task","High","3","Fields: Score (1–10 slider/input), Feedback Context (textarea max 1000 chars), SLA Timer (live countdown). Submit button.","Given feedback screen open within SLA; When submitted; Then success. Given SLA expired; When submitted; Then MSG-02 warning shown.","Academic Quality Assurance","UC-09,frontend","Frontend","v1.0"
"UC-10 | Execute Daily Depletion Scans","Story","High","8","As the System, I want to run a nightly cron job at 00:00 that scans all active student packages and creates renewal alert records for those with ≤ 2 weeks of sessions remaining so that Admins are notified proactively.","Given the cron job triggers at 00:00;
When scanning active student_packages;
Then for each package with remaining_sessions ≤ threshold: if no existing Pending alert exists, insert a new alert_notification (type=Renewal).
And the job completes scanning 5,000 records within < 3 minutes (NFR-Performance).","System Automation","UC-10,automation","Backend","v1.0"
"TASK: Implement nightly depletion scan cron worker","Task","High","5","Write a scheduled background worker (e.g., pg_cron or Node cron). Query active student_packages. Compare remaining_sessions to threshold. Insert missing renewal alert_notifications.","Given midnight trigger; When worker runs; Then alert_notifications created for qualifying packages without duplicating existing alerts.","System Automation","UC-10,backend","Backend","v1.0"
"TASK: Configure cron schedule for depletion scan (00:00 daily)","Task","Medium","2","Set up infrastructure-level cron trigger (Supabase pg_cron or external scheduler) to invoke the depletion scan function at midnight.","Given production environment; When clock hits 00:00; Then worker is invoked automatically.","System Automation","UC-10,devops","DevOps","v1.0"
"UC-11 | Dispatch Zero-Touch Parent Notifications","Story","High","8","As the System, I want to automatically send email notifications to parents via an Email Gateway (Attendance outcomes and Package renewal prompts) so that parents are informed without manual Admin effort.","Given a payload exists in the notification queue;
When the Email Gateway picks it up;
Then an HTML email is dispatched over SMTP/API (256-bit encryption).
And alert_notification status is updated to Sent.
If SMTP fails: system retries up to 3 times exponentially before logging failure.","System Automation","UC-11,automation","Backend","v1.0"
"TASK: Implement email notification queue processor","Task","High","5","Write queue consumer that picks pending alert_notifications, formats HTML template (Attendance / Renewal type), calls SMTP/Email API. Update status to Sent. Implement exponential retry (max 3) on failure.","Given a pending notification; When processor runs; Then email sent and status=Sent. On SMTP fail; Then retry up to 3x then status=Failed.","System Automation","UC-11,backend","Backend","v1.0"
"TASK: Integrate Email Gateway (SendGrid/Mailgun)","Task","High","3","Configure SMTP / API credentials for the chosen Email Gateway provider. Create email HTML templates (Attendance, Renewal). Test deliverability.","Given credentials configured; When test email triggered; Then email received in target inbox.","System Automation","UC-11,backend,devops","Backend,DevOps","v1.0"
"NFR: Implement Role-Based Access Control (RBAC)","Story","High","8","As the System, I want strict RBAC enforced at API and UI layers (Admin vs Teacher roles) so that cross-domain data leaks are prevented (BR-05).","Given an Admin JWT; When Teacher-only API called; Then 403 Forbidden.
Given a Teacher JWT; When Financial API called; Then 403 Forbidden.","Non-Functional Requirements","security,NFR","Backend,Frontend","v1.0"
"NFR: Enforce HTTPS and Encrypted Transmission","Task","High","2","Ensure all API endpoints and the frontend web app are served exclusively over HTTPS (TLS). No HTTP fallback.","Given production deployment; When any HTTP request made; Then redirect to HTTPS or connection refused.","Non-Functional Requirements","security,NFR","DevOps","v1.0"
"NFR: Teacher session token expiry after 2 hours inactivity","Task","High","2","Configure JWT or Supabase session TTL to expire Teacher tokens after 2 hours of inactivity.","Given Teacher token issued; When 2h of inactivity; Then next API call returns 401.","Non-Functional Requirements","security,NFR","Backend","v1.0"
"NFR: Responsive UI — support minimum 360px viewport","Task","Medium","3","Ensure all frontend screens render correctly on viewports from 360px width upward (mobile, tablet, desktop).","Given the app is opened on a 360px device; When any core screen rendered; Then no horizontal scroll, all content usable.","Non-Functional Requirements","usability,NFR","Frontend","v1.0"
"NFR: UI Rendering Response < 1.5s on stable connection","Task","Medium","2","Ensure data retrieval actions (timetable load, student list) complete rendering within 1.5 seconds on a stable network.","Given a standard data load; When measured in browser DevTools; Then DOMContentLoaded + data render ≤ 1.5s.","Non-Functional Requirements","performance,NFR","Backend,Frontend","v1.0"
"NFR: Primary workflow completion in ≤ 3 clicks from Dashboard","Task","Medium","2","Audit navigation paths for recording attendance and renewing a package. Ensure each reachable in ≤ 3 clicks.","Given Admin or Teacher is on Dashboard; When navigating to attendance/payment; Then reached in 3 or fewer clicks.","Non-Functional Requirements","usability,NFR","Frontend","v1.0"
"NFR: Inline form validation (client-side)","Task","Medium","2","All system forms must include client-side inline validation displaying field-level error messages before API submission.","Given an invalid form field; When user attempts to submit; Then inline error shown without API call.","Non-Functional Requirements","usability,NFR","Frontend","v1.0"
"NFR: 99.9% Core Uptime SLA","Task","Medium","2","Configure hosting (Supabase + frontend deployment) to target 99.9% uptime. Set up uptime monitoring alerts.","Given production deployment; When uptime monitoring runs; Then downtime alerts sent when service unavailable.","Non-Functional Requirements","reliability,NFR","DevOps","v1.0"
"NFR: Email Gateway retry logic — max 3 retries on failure","Task","Medium","2","Implement exponential back-off retry (max 3 attempts) for failed SMTP/Email API calls before marking notification as Failed.","Given SMTP call fails; When retry logic runs; Then attempts up to 3 times with increasing delay before logging failure.","Non-Functional Requirements","reliability,NFR","Backend","v1.0"
"SETUP: Provision Supabase project (PostgreSQL DB + Auth + Storage)","Task","High","3","Create Supabase project. Configure PostgreSQL schema (all 14 tables per SDS 1.3). Enable Row Level Security. Configure Auth for Admin and Teacher roles.","Given Supabase project created; When schema migration runs; Then all 14 tables present with correct constraints.","Infrastructure & DevOps","devops,setup","DevOps","v1.0"
"SETUP: Define and run DB migration scripts (14 tables)","Task","High","3","Write SQL migration files for: users, activity_logs, classes, class_students, rooms, sessions, attendances, feedbacks, students, parents, packages, student_packages, payments, alert_notifications.","Given migration scripts applied; When DB schema checked; Then all tables exist with correct columns and FK constraints.","Infrastructure & DevOps","devops,database","Backend","v1.0"
"SETUP: Configure CI/CD pipeline (GitHub Actions)","Task","Medium","3","Set up GitHub Actions workflows for: lint + test on PR, build and deploy on merge to main.","Given PR opened; When CI runs; Then lint and test pass. Given merge to main; When CD runs; Then app deployed.","Infrastructure & DevOps","devops,cicd","DevOps","v1.0"
"SETUP: Deploy frontend to hosting (Vercel/Netlify)","Task","Medium","2","Connect frontend repo to Vercel/Netlify. Configure environment variables (SUPABASE_URL, SUPABASE_ANON_KEY). Set up preview deployments for PRs.","Given frontend deployed; When URL accessed; Then app loads correctly with valid API connectivity.","Infrastructure & DevOps","devops,frontend","DevOps","v1.0"
"SETUP: Environment configuration and secrets management","Task","High","2","Define .env structure. Store secrets (DB credentials, Email Gateway API keys) in CI/CD secrets and Supabase vault. Never commit secrets to repo.","Given secrets configured; When app starts; Then connects to DB and Email Gateway successfully without plaintext secrets in code.","Infrastructure & DevOps","devops,security","DevOps","v1.0"
"TECH DEBT: Add integration test suite for API endpoints","Task","Medium","5","Write integration tests covering happy-path and error scenarios for all API endpoints identified in the SRS use cases.","Given test suite runs; When all UC endpoints exercised; Then all tests pass.","Infrastructure & DevOps","testing,tech-debt","Backend","v1.0"
"TECH DEBT: Add end-to-end UI smoke tests","Task","Low","3","Implement Playwright or Cypress E2E smoke tests for primary user journeys: Add Student, Record Payment, Create Session, Submit Attendance, Submit Feedback.","Given E2E suite runs; When smoke tests executed; Then all journeys complete without error.","Infrastructure & DevOps","testing,tech-debt","Frontend","v1.0"
"Story: User Login & Logout (Authentication)","Story","High","5","As a system user (Admin or Teacher), I want to securely log in with my email and password and log out of the system so that my session is authenticated and protected.","Given valid credentials (email + password);
When POST /api/v1/auth/login is called;
Then 200 response with JWT access token and user info (role, fullName, email).
Given any API called without a valid JWT;
Then 401 Unauthorized returned.
Given user clicks Logout;
Then token is invalidated and user redirected to Login screen.","Infrastructure & DevOps","auth,security","Backend,Frontend","v1.0"
"API: POST /api/v1/auth/login — authenticate user & issue JWT","Task","High","3","Implement POST /api/v1/auth/login. Validates email/password against users table. Returns JWT with payload: user_id, role, email, fullName. Implement Supabase Auth or custom JWT signing.","Given valid email + password; When POST called; Then 200 with accessToken. Given wrong password; When called; Then 401. Given inactive user; When called; Then 403.","Infrastructure & DevOps","auth,backend","Backend","v1.0"
"UI: Login Screen — Admin & Teacher portal entry point","Task","High","3","Build the Login screen as the entry point for both Admin and Teacher users. Fields: Email, Password. On success: redirect to respective Dashboard based on role. Show error message on failed login.","Given the login page; When correct credentials entered; Then redirect to Admin Dashboard (role=admin) or Teacher Dashboard (role=teacher). When wrong credentials; Then inline error shown.","Infrastructure & DevOps","auth,frontend","Frontend","v1.0"
"API: POST /api/v1/auth/logout — revoke session","Task","Medium","2","Implement logout endpoint. Invalidate the current JWT/session token server-side. Clear client-side token storage.","Given a valid JWT; When POST /logout called; Then 200 and token no longer accepted on subsequent calls.","Infrastructure & DevOps","auth,backend","Backend","v1.0"
"SETUP: Seed master data scripts (packages, rooms, initial admin user)","Task","High","2","Write seed SQL/scripts to populate: packages catalogue (at least 3 packages), rooms list (at least 5 rooms), and 1 initial Admin user account for first login.","Given seed scripts run on fresh DB; When data queried; Then packages, rooms, and admin user exist with correct values.","Infrastructure & DevOps","devops,database,setup","Backend","v1.0"
"Story: Manage Teacher Accounts (CRUD)","Story","High","5","As an Academic Admin, I want to create, view, update, and deactivate Teacher accounts so that only authorised Teachers can log in and be assigned to sessions.","Given Admin is authenticated;
When Admin creates a Teacher with Full Name, Email, Password;
Then Teacher account is created with role=teacher.
When Admin deactivates a Teacher; Then teacher can no longer log in.","Student Management","master-data,admin","Backend,Frontend","v1.0"
"API: CRUD /api/v1/teachers — manage teacher accounts","Task","High","3","Implement: GET /api/v1/teachers (list), POST /api/v1/teachers (create), PUT /api/v1/teachers/{id} (update), PATCH /api/v1/teachers/{id}/status (activate/deactivate). All Admin-only (RBAC).","Given Admin JWT; When GET called; Then list of teachers returned. When POST with valid payload; Then teacher created. When status PATCH; Then active/inactive updated.","Student Management","master-data,backend","Backend","v1.0"
"UI: Teacher Account Management Screen","Task","High","3","Build Teacher list screen with Add Teacher button, search/filter, and per-row Activate/Deactivate toggle. Add Teacher form: Full Name, Email, Password.","Given Admin on Teacher list; When Add clicked; Then form modal opens. When saved; Then teacher appears in list.","Student Management","master-data,frontend","Frontend","v1.0"
"Story: Manage Class Catalogue (CRUD)","Story","High","5","As an Academic Admin, I want to create, view, and update class groups so that students can be enrolled into classes and sessions can be assigned against them.","Given Admin creates a Class with Class Name and Level;
Then the class is saved and available for Session scheduling (UC-04) and Student enrollment (UC-01).","Schedule Management","master-data,admin","Backend,Frontend","v1.0"
"API: CRUD /api/v1/classes — manage class catalogue","Task","High","2","Implement: GET /api/v1/classes (list), POST /api/v1/classes (create), PUT /api/v1/classes/{id} (update). Admin-only.","Given Admin JWT; When GET called; Then all classes returned. When POST with name; Then class created.","Schedule Management","master-data,backend","Backend","v1.0"
"UI: Class Catalogue Management Screen","Task","High","2","Build Class list with Add Class form. Minimum fields: Class Name, Level/Grade. Class list used as dropdown in Create Session screen (UC-04).","Given Admin on Class list; When Add clicked and saved; Then class appears in list and in UC-04 dropdown.","Schedule Management","master-data,frontend","Frontend","v1.0"
"Story: Manage Room Catalogue (CRUD)","Story","High","3","As an Academic Admin, I want to create and manage physical classroom rooms so that they can be assigned to scheduled sessions without conflicts.","Given Admin creates a Room with Room Name and Capacity;
Then the room is available for selection in Create Session (UC-04).","Schedule Management","master-data,admin","Backend,Frontend","v1.0"
"API: CRUD /api/v1/rooms — manage room catalogue","Task","High","2","Implement: GET /api/v1/rooms (list), POST /api/v1/rooms (create), PUT /api/v1/rooms/{id} (update). Admin-only.","Given Admin JWT; When GET called; Then all rooms returned. When POST; Then room created and available for scheduling.","Schedule Management","master-data,backend","Backend","v1.0"
"UI: Room Catalogue Management Screen","Task","High","2","Build Room list with Add Room form. Fields: Room Name, Capacity. Room list used as dropdown in Create Session (UC-04).","Given Admin on Room list; When Add clicked and saved; Then room appears in list and in UC-04 dropdown.","Schedule Management","master-data,frontend","Frontend","v1.0"
"Story: Manage Study Package Catalogue (CRUD)","Story","High","5","As an Academic Admin, I want to define the catalogue of study packages (session count, duration, price) so that packages can be assigned to students upon enrollment.","Given Admin creates a Package with Name, Session Count, Duration (weeks), Price;
Then it appears in the package dropdown when onboarding a student (UC-01) and recording payments (UC-03).","Financial Administration","master-data,admin","Backend,Frontend","v1.0"
"API: CRUD /api/v1/packages — manage package catalogue","Task","High","2","Implement: GET /api/v1/packages (list), POST /api/v1/packages (create), PUT /api/v1/packages/{id} (update). Admin-only.","Given Admin JWT; When GET called; Then all packages returned. When POST; Then package created and available for student assignment.","Financial Administration","master-data,backend","Backend","v1.0"
"UI: Study Package Catalogue Screen","Task","High","3","Build Package list with Add Package form. Fields: Package Name, Session Count, Duration, Price (VND). Packages are used in UC-01 (onboarding) and UC-03 (payment).","Given Admin on Package list; When Add clicked and saved; Then package appears in list and in enrollment dropdowns.","Financial Administration","master-data,frontend","Frontend","v1.0"
"UI: Admin Dashboard Screen — overview & navigation hub","Task","High","5","Build the Admin Dashboard as the main entry point after login. Widgets: Active Students count, Pending Renewal Alerts count, Today's Sessions count, Recent Payments. Quick navigation to all modules.","Given Admin logs in; When Dashboard loads; Then summary widgets display current counts. When widget clicked; Then redirects to respective module list.","Retention Management","admin,frontend","Frontend","v1.0"
"UI: Teacher Dashboard / Home Screen","Task","High","3","Build the Teacher home screen after login. Show today's session schedule as the primary content. Quick links to Timetable and Attendance recording.","Given Teacher logs in; When Dashboard loads; Then today's sessions shown. When session card clicked; Then Class Session Detail opens.","Academic Operations","teacher,frontend","Frontend","v1.0"
"API: GET /api/v1/student-profiles — list & search students","Task","High","2","Implement GET /api/v1/student-profiles with query params: search (name), status (Active/Inactive), page, limit. Returns paginated list of student profiles.","Given Admin JWT; When GET with no params; Then all students returned paginated. When search param set; Then filtered results returned.","Student Management","UC-02,backend","Backend","v1.0"
"UI: Student List / Search Screen","Task","High","3","Build Student List screen. Show table: Name, Status, Package, Remaining Sessions. Search bar by name. Status filter (Active/Inactive). Row click navigates to Student Profile Detail (UC-02).","Given Admin on Student List; When page loads; Then paginated student list shown. When search typed; Then filtered in real-time. When row clicked; Then Student Detail screen opens.","Student Management","UC-02,frontend","Frontend","v1.0"
"API: GET /api/v1/tuition-payments — list payment history","Task","Medium","2","Implement GET /api/v1/tuition-payments with optional filter: studentId, dateFrom, dateTo. Returns list of payment records with amount, method, date, student name.","Given Admin JWT; When GET called; Then paginated list returned. When studentId filter applied; Then only that student's payments shown.","Financial Administration","UC-03,backend","Backend","v1.0"
"UI: Payment History Screen","Task","Medium","3","Build Payment History table screen accessible from Admin Dashboard or Student Detail. Columns: Student Name, Amount (VND), Payment Method, Date. Export to CSV optional.","Given Admin opens Payment History; When loaded; Then all transactions listed newest first. When filter by student; Then filtered.","Financial Administration","UC-03,frontend","Frontend","v1.0"
"API: GET /api/v1/teaching-schedules — list all sessions (Admin view)","Task","Medium","2","Implement GET /api/v1/teaching-schedules with filters: classId, teacherId, dateFrom, dateTo. Returns full session list for Admin master timetable view.","Given Admin JWT; When GET called; Then all sessions returned. When date range filter applied; Then filtered sessions returned.","Schedule Management","UC-04,backend","Backend","v1.0"
"UI: Master Schedule / Session List Screen (Admin)","Task","Medium","3","Build Admin-facing master timetable view. Calendar or list view of all sessions with Class, Teacher, Room, Time. Filter by date range, class, teacher. Row click opens Session Detail with Edit/Delete options.","Given Admin on Master Schedule; When loaded; Then all sessions visible in grid/list. When filter applied; Then scoped view shown.","Schedule Management","UC-04,frontend","Frontend","v1.0"
"API: DELETE /api/v1/teaching-schedules/{id} — cancel/delete session","Task","Medium","2","Implement soft-delete or status update for sessions (status: Cancelled). Admin-only. Must validate no attendance records have been submitted for this session.","Given Admin JWT and valid session_id with no attendance; When DELETE called; Then session marked Cancelled. Given session has attendance; When DELETE called; Then 409 with explanation.","Schedule Management","UC-04,backend","Backend","v1.0"
"API: GET /api/v1/academic-feedback — list feedback (Admin view)","Task","Medium","2","Implement GET /api/v1/academic-feedback with filters: sessionId, studentId, isLate, dateFrom, dateTo. Returns all feedback records including SLA violation flags.","Given Admin JWT; When GET called; Then all feedback records returned. When isLate=true filter; Then only SLA-breached submissions shown.","Academic Quality Assurance","UC-09,backend","Backend","v1.0"
"UI: Feedback Management Screen (Admin)","Task","Medium","3","Build Admin-facing Feedback List screen. Table: Teacher, Class, Student, Score, Date Submitted, SLA Status (On-time / Late). Filter by SLA status to audit violations.","Given Admin opens Feedback Management; When loaded; Then all submitted feedback listed. When SLA filter = Late; Then only MSG-02 flagged items shown.","Academic Quality Assurance","UC-09,frontend","Frontend","v1.0"
"API: GET /api/v1/class-attendances?sessionId={id} — view attendance records","Task","Medium","2","Implement GET /api/v1/class-attendances with sessionId query param. Returns list of attendance records (student, status, note) for a given session.","Given Teacher or Admin JWT; When GET with valid sessionId; Then all attendance records for that session returned.","Academic Operations","UC-08,backend","Backend","v1.0"
"UI: Class Session Detail / Attendance History Screen","Task","Medium","3","Extend Class Session Detail to show submitted attendance records in a read-only table. Accessible from Teacher Timetable card click (UC-07). Show: Student Name, Status (Present/Absent/Late), Note.","Given Teacher clicks a session card on Timetable; When Session Detail opens; Then if attendance already submitted: show read-only records. If not submitted: show attendance form (UC-08).","Academic Operations","UC-08,frontend","Frontend","v1.0"
"NFR: Set up application error logging (e.g., Sentry)","Task","Medium","2","Integrate error monitoring (Sentry or equivalent). Capture unhandled exceptions on both frontend and backend. Configure alert notifications to team channel.","Given an unhandled exception occurs; When it happens in production; Then it is captured in Sentry with stack trace and alert sent.","Non-Functional Requirements","monitoring,NFR","Backend,Frontend","v1.0"
"NFR: Set up uptime monitoring (e.g., UptimeRobot)","Task","Medium","1","Configure external uptime monitor to ping the deployed app every 5 minutes. Alert via email/Slack if downtime detected. Supports 99.9% SLA target.","Given app is deployed; When uptime monitor is configured; Then ping results logged. When app goes down; Then alert sent within 5 minutes.","Non-Functional Requirements","monitoring,reliability,NFR","DevOps","v1.0"
"NFR: Cron job execution logging & failure alerting","Task","Medium","2","Add structured logging to UC-10 depletion scan cron worker: log start time, records scanned, alerts created, end time, errors. Alert DevOps if job fails to complete within 3-minute window.","Given cron runs at 00:00; When job completes; Then execution log written with metrics. When job fails or times out; Then alert sent.","Non-Functional Requirements","monitoring,automation,NFR","Backend,DevOps","v1.0"
"TECH DEBT: Unit tests for BLL (Business Logic Layer) services","Task","Medium","5","Write unit tests for all BLL service classes (StudentService, PaymentService, ScheduleService, AlertService, AttendanceService, FeedbackService, AutomationService). Mock DAL dependencies.","Given unit test suite runs; When services tested with valid and invalid inputs; Then all business rule validations (BR-01 to BR-05) are verified by tests.","Infrastructure & DevOps","testing,tech-debt","Backend","v1.0"
"TECH DEBT: Code linting and formatting rules (ESLint + Prettier)","Task","Low","2","Set up ESLint and Prettier configs for the frontend and backend codebase. Add lint check as a CI gate on every PR (GitHub Actions).","Given a PR is opened with lint violations; When CI runs; Then lint check fails and PR is blocked. Given properly formatted code; When CI runs; Then lint check passes.","Infrastructure & DevOps","code-quality,tech-debt","Backend,Frontend","v1.0"
